E_over_a_c,rate_over_a_c_v_0.30,rate_over_a_c_v_0.60,rate_over_a_c_v_0.85,a_c_beta_eff_v_0.30,a_c_beta_eff_v_0.60,a_c_beta_eff_v_0.85
0.08,7.32583843160540624e-03,1.31247130423143704e-02,1.63938394804544925e-02,1.25904015840748915e+01,8.47610760355907011e+00,7.18417111397690888e+00
0.12,7.05655785215293565e-03,1.21224248296590859e-02,1.45505616846561946e-02,1.09174064559020962e+01,7.88362077330679334e+00,6.98631952847034210e+00
0.16,6.79401291879563798e-03,1.11751810568986257e-02,1.28778447602608641e-02,9.73593263259732034e+00,7.42152769977872939e+00,6.81908815699334436e+00
0.20,6.53812046252692791e-03,1.02815462430338681e-02,1.13676775651943250e-02,8.84801475858897568e+00,7.04997387542981624e+00,6.67517796185988921e+00
0.24,6.28879713274264202e-03,9.44005496790647179e-03,1.00114232503378843e-02,8.15168476622996430e+00,6.74438763661163598e+00,6.54921192201362334e+00
0.28,6.04595940080183622e-03,8.64921329075336344e-03,8.79989344836832818e-03,7.58837868375749114e+00,6.48866711774998173e+00,6.43708288974355902e+00
0.32,5.80952356359510074e-03,7.90750019481179130e-03,7.72342645690964318e-03,7.12176592842289580e+00,6.27175187902210673e+00,6.33556486920204520e+00
0.36,5.57940574712008624e-03,7.21336905641571137e-03,6.77196865409947658e-03,6.72797028086044513e+00,6.08575259545651281e+00,6.24208125854877860e+00
0.40,5.35552191006399662e-03,6.56524913700174545e-03,5.93515835707789183e-03,6.39057980479893573e+00,5.92486404902963759e+00,6.15457425406646497e+00
0.44,5.13778784739302684e-03,5.96154709642102761e-03,5.20241131445280114e-03,6.09789977116509530e+00,5.78470015390559666e+00,6.07144465504192166e+00
0.48,4.92611919394859380e-03,5.40064852593077818e-03,4.56300701266494895e-03,5.84134696063537895e+00,5.66186944291603744e+00,5.99154375169128528e+00
0.52,4.72043142805014804e-03,4.88091949922033700e-03,4.00617497345721277e-03,5.61446432354764546e+00,5.55369402077627239e+00,5.91420483921736828e+00
0.56,4.52063987510476200e-03,4.40070813980684549e-03,3.52118022536127570e-03,5.41229143203769336e+00,5.45801747883772936e+00,5.83930461385875699e+00
0.60,4.32665971122294345e-03,3.95834620311946803e-03,3.09740714675877434e-03,5.23094832985853131e+00,5.37306980966019054e+00,5.76734710450944998e+00
0.64,4.13840596684078750e-03,3.55215067157541075e-03,2.72455595096432685e-03,5.06735231797713315e+00,5.29736989553994952e+00,5.69950380222473285e+00
0.68,3.95579353034809702e-03,3.18042536093799712e-03,2.39517081437907661e-03,4.91902029060478618e+00,5.22965341457361887e+00,5.63625171368359634e+00
0.72,3.77873715172222973e-03,2.84146253623656416e-03,2.10463960723592880e-03,4.78392770435138903e+00,5.16881839532477816e+00,5.57698572279700233e+00
0.76,3.60715144616751597e-03,2.53354453551916893e-03,1.84878422833009205e-03,4.66040597794940137e+00,5.11388341344471531e+00,5.52116056632610785e+00
0.80,3.44095089776001468e-03,2.25494539970319844e-03,1.62375631575569423e-03,4.54706654813549083e+00,5.06395525171682070e+00,5.46833100107909864e+00
0.84,3.28004986309735460e-03,2.00393250678484796e-03,1.42603558400887466e-03,4.44274377918687779e+00,5.01820413274292143e+00,5.41813902752240661e+00
0.88,3.12436257495364621e-03,1.77876820866647062e-03,1.25242441029386488e-03,4.34645144296880304e+00,4.97584560895109274e+00,5.37030248164431345e+00
0.92,2.97380314593922741e-03,1.57771146886033693e-03,1.10003889530823989e-03,4.25734912224803175e+00,4.93612898360830421e+00,5.32460408107633754e+00
0.96,2.82828557216520046e-03,1.39901949932877195e-03,9.66296660249965330e-04,4.17471597490259061e+00,4.89833279008520339e+00,5.28088030212258985e+00
1.00,2.68772373691254047e-03,1.24094939472323986e-03,8.48901674201700106e-04,4.09793002997187994e+00,4.86176835959643050e+00,5.23900975777206313e+00
1.04,2.55203141430576609e-03,1.10175976228978805e-03,7.45826434350666759e-04,4.02645169084516485e+00,4.82579278204204520e+00,5.19890105822223436e+00
1.08,2.42112227299078704e-03,9.79712345714223295e-04,6.55291845419649012e-04,3.95981047330842584e+00,4.78983248356272640e+00,5.16048047746245153e+00
1.12,2.29490987981691673e-03,8.73073641189042108e-04,5.75745163994990667e-04,3.89759425603132614e+00,4.75341807700100283e+00,5.12368013884393836e+00
1.16,2.17330770352270296e-03,7.80116503994401087e-04,5.05836387970909481e-04,3.83944050060758135e+00,4.71623004575249460e+00,5.08842789613778113e+00
1.20,2.05622911842540893e-03,6.99121743897806666e-04,4.44393480978059043e-04,3.78502902885907666e+00,4.67815338486744636e+00,5.05464066323755823e+00
1.24,1.94358740811393293e-03,6.28379707690426858e-04,3.90396826376533006e-04,3.73407604120297032e+00,4.63933810670912106e+00,5.02222368200706359e+00
1.28,1.83529576914498384e-03,5.66191847181667551e-04,3.42953447218928347e-04,3.68632913132861528e+00,4.60026252245994804e+00,4.99107883381057338e+00
1.32,1.73126731474238177e-03,5.10872270788750686e-04,3.01274785174889491e-04,3.64156310607659028e+00,4.56179880524545656e+00,4.96111781032465071e+00
1.36,1.63141507849929603e-03,4.60814468479724940e-04,2.64663588723805271e-04,3.59957646005464493e+00,4.52518336665449628e+00,4.93226517961603683e+00
1.40,1.53565201808335034e-03,4.15185286360494714e-04,2.32504644021534176e-04,3.56018838557126704e+00,4.49088746268365213e+00,4.90445604529939505e+00
1.44,1.44389101894438110e-03,3.73656499386946714e-04,2.04256160731228122e-04,3.52323622236087752e+00,4.45872828959233569e+00,4.87763371380188726e+00
1.48,1.35604489802475269e-03,3.35923850276824063e-04,1.79441736288433860e-04,3.48857327008551410e+00,4.42852445592724564e+00,4.85174765143780373e+00
1.52,1.27202640747198464e-03,3.01698644863864656e-04,1.57642932519196809e-04,3.45606690102071701e+00,4.40010626244799585e+00,4.82675177893065932e+00
1.56,1.19174823835354140e-03,2.70707473534021641e-04,1.38492484343390090e-04,3.42559692162182161e+00,4.37331425531162044e+00,4.80260314206716910e+00
1.60,1.11512302437352727e-03,2.42691913408828918e-04,1.21668146675407606e-04,3.39705414052931465e+00,4.34799807685227524e+00,4.77926097943401640e+00
1.64,1.04206334559110172e-03,2.17408211757748343e-04,1.06887172768866401e-04,3.37033910753710586e+00,4.32401559559668858e+00,4.75668618219905781e+00
1.68,9.72481732140393100e-04,1.94626951273172121e-04,9.39014053149170129e-05,3.34536099351293004e+00,4.30123230199960638e+00,4.73484110807710223e+00
1.72,9.06290667951791451e-04,1.74132697872142635e-04,8.24929507480579412e-05,3.32203658552500425e+00,4.27952095898134832e+00,4.71368967484597512e+00
1.76,8.43402594474394990e-04,1.55723631711048515e-04,7.24703975742538352e-05,3.30028937472033457e+00,4.25876149640214141e+00,4.69319762312407640e+00
1.80,7.83729914399485645e-04,1.39211162119367931e-04,6.36655312255757840e-05,3.28004871698967992e+00,4.23884113596078382e+00,4.67333281184908067e+00
1.84,7.27184995384932650e-04,1.24419527177451719e-04,5.59304910547927500e-05,3.26124904827387274e+00,4.21965472756749360e+00,4.65406540562814097e+00
1.88,6.73680173780336327e-04,1.11185378680460185e-04,4.91353096769000863e-05,3.24382913761863367e+00,4.20110527007880474e+00,4.63536784927728096e+00
1.92,6.23127758352742269e-04,9.93573532464725370e-05,4.31657711633137527e-05,3.22773136185295106e+00,4.18310457870439922e+00,4.61721462514028147e+00
1.96,5.75440034012761445e-04,8.87956303419095615e-05,3.79215269783146419e-05,3.21290098612243691e+00,4.16557404904107198e+00,4.59958192740502536e+00
2.00,5.30529265540871479e-04,7.93714780107007201e-05,3.33144272378136017e-05,3.19928543452640790e+00,4.14844545458708058e+00,4.58244738672644392e+00
2.04,4.88307701313696026e-04,7.09667871065677061e-05,2.92670439641442719e-05,3.18683353486987242e+00,4.13166170213549222e+00,4.56578986962248923e+00
2.08,4.48687577030058415e-04,6.34735948392267240e-05,2.57113677652641903e-05,3.17549472116059084e+00,4.11517745933095735e+00,4.54958934162423656e+00
2.12,4.11581119436602212e-04,5.67935984561342342e-05,2.25876602150278597e-05,3.16521817711559716e+00,4.09895956269286099e+00,4.53382677998840844e+00
2.16,3.76900550052829727e-04,5.08376598912049267e-05,1.98434451322753249e-05,3.15595190382471991e+00,4.08298711421507132e+00,4.51848412095609753e+00
2.20,3.44558088895369219e-04,4.55253022204566500e-05,1.74326230507910154e-05,3.14764169519621584e+00,4.06725118148841780e+00,4.50354422697570378e+00
2.24,3.14465958201373490e-04,4.07841987723208156e-05,1.53146943935615578e-05,3.14023000638552308e+00,4.05175403075224327e+00,4.48899086104664402e+00
2.28,2.86536386150856512e-04,3.65496557463139234e-05,1.34540781647413017e-05,3.13365470380425570e+00,4.03650784426498888e+00,4.47480865832920749e+00
2.32,2.60681610587860349e-04,3.27640891991086232e-05,1.18195143094719111e-05,3.12784769152715825e+00,4.02153290222335968e+00,4.46098308904602447e+00
2.36,2.36813882740277384e-04,2.93764972604714108e-05,1.03835392209214814e-05,3.12273341931214254e+00,4.00685524440944274e+00,4.44750041100423044e+00
2.40,2.14845470938112936e-04,2.63419284438824246e-05,9.12202515890147013e-06,3.11822729376048580e+00,3.99250386766338838e+00,4.43434761404056044e+00
2.44,1.94688664329993187e-04,2.36209469179801409e-05,8.01377555105586709e-06,3.11423403846614555e+00,3.97850756356880009e+00,4.42151236148016746e+00
2.48,1.76255776597717203e-04,2.11790956049634279e-05,7.04016924542225957e-06,3.11064608361849171e+00,3.96489156032072243e+00,4.40898293456312906e+00
2.52,1.59459149668641527e-04,1.89863579710725443e-05,6.18484774806942499e-06,3.10734211248192782e+00,3.95167421087654924e+00,4.39674818436011616e+00
2.56,1.44211157425682643e-04,1.70166193721324542e-05,5.43344029205121795e-06,3.10418595247579310e+00,3.93886407719128195e+00,4.38479749258666729e+00
2.60,1.30424209414779514e-04,1.52471288141159645e-05,4.77332223686186903e-06,3.10102607079001702e+00,3.92645791208465322e+00,4.37312073984265393e+00
2.64,1.18010754549670795e-04,1.36579619845451772e-05,4.19340281826260500e-06,3.09769601274732276e+00,3.91444025261630779e+00,4.36170827884050283e+00
2.68,1.06883284813855117e-04,1.22314864197639717e-05,3.68393871448870163e-06,3.09401619275756490e+00,3.90278562720600375e+00,4.35055091054729015e+00
2.72,9.69543389595723586e-05,1.09518445676375468e-05,3.23637029907129390e-06,3.08979749098799239e+00,3.89146425533209772e+00,4.33963986179172689e+00
2.76,8.81365062036851678e-05,9.80459721850738287e-06,2.84317781817288064e-06,3.08484709271781554e+00,3.88044750425739426e+00,4.32896676345219067e+00
2.80,8.03424299203143799e-05,8.77658381687666694e-06,2.49775506114393882e-06,3.07897689519387008e+00,3.86970905647614583e+00,4.31852362884266494e+00
2.84,7.34848113299962588e-05,7.85583012478201960e-06,2.19429838796238028e-06,3.07201456733228628e+00,3.85922499173938416e+00,4.30830283237558476e+00
2.88,6.74764131851994634e-05,7.03146066842676271e-06,1.92770924008056918e-06,3.06381697328013436e+00,3.84897384207116433e+00,4.29829708874111827e+00
2.92,6.22300634519602986e-05,6.29361546587167214e-06,1.69350849157853743e-06,3.05428520061567843e+00,3.83893662628981813e+00,4.28849943301291958e+00
2.96,5.76586589874164364e-05,5.63337099398938980e-06,1.48776120039106308e-06,3.04337996946251677e+00,3.82909685783822340e+00,4.27890320203695129e+00
3.00,5.36751692130655128e-05,5.04266534422014353e-06,1.30701049668560679e-06,3.03113589820246743e+00,3.81944052035476034e+00,4.26950201729227885e+00
3.04,5.01926397835595012e-05,4.51422750807742067e-06,1.14821949978367698e-06,3.01767313931587822e+00,3.80995600639114862e+00,4.26028976928629000e+00
3.08,4.71241962508970756e-05,4.04151072507004033e-06,1.00872028975126845e-06,3.00320539841448841e+00,3.80063401598888762e+00,4.25126060347194823e+00
3.12,4.43830477244128057e-05,3.61862981841269682e-06,8.86169078951239114e-07,2.98804432092334915e+00,3.79146741336862725e+00,4.24240890722165176e+00
3.16,4.18824905361981647e-05,3.24030243507914270e-06,7.78506830062526956e-07,2.97260156332358427e+00,3.78245104189223325e+00,4.23372929793694119e+00
3.20,3.95376834755280229e-05,2.90179410032160792e-06,6.83924660036991427e-07,2.95737740663808335e+00,3.77358149938009912e+00,4.22521661181672048e+00
3.24,3.73036744445930476e-05,2.59886698884155424e-06,6.00833448225961419e-07,2.94265040978171033e+00,3.76485687798872526e+00,4.21686589314710591e+00
3.28,3.51748790800020283e-05,2.32773230768175877e-06,5.27837137268938874e-07,2.92841833156681020e+00,3.75627647494176520e+00,4.20867238416989586e+00
3.32,3.31474748687426011e-05,2.08500617957511252e-06,4.63709278170128886e-07,2.91466700726556605e+00,3.74784048232889866e+00,4.20063151531819390e+00
3.36,3.12177329346330525e-05,1.86766890892929954e-06,4.07372425234735418e-07,2.90138290006027644e+00,3.73954966594445137e+00,4.19273889569640623e+00
3.40,2.93820169557866021e-05,1.67302750644228032e-06,3.57880034055954457e-07,2.88855305897485737e+00,3.73140504460654254e+00,4.18499030402354943e+00
3.44,2.76367820819943412e-05,1.49868134298569036e-06,3.14400558380623224e-07,2.87616507873081195e+00,3.72340758241167435e+00,4.17738168011740463e+00
3.48,2.59785738470261863e-05,1.34249079829375032e-06,2.76203478824450958e-07,2.86420706132837077e+00,3.71555790689739984e+00,4.16990911689857757e+00
3.52,2.44040270758141237e-05,1.20254876513436727e-06,2.42647028900262229e-07,2.85266757912813151e+00,3.70785606602424433e+00,4.16256885280638755e+00
3.56,2.29098647865269178e-05,1.07715486475320414e-06,2.13167411544601131e-07,2.84153563922032504e+00,3.70030133623009982e+00,4.15535726543219130e+00
3.60,2.14928970877751078e-05,9.64792226114310935e-07,1.87269326219186768e-07,2.83080064887661154e+00,3.69289209206871938e+00,4.14827086527524269e+00
3.64,2.01500200709708543e-05,8.64106676669738032e-07,1.64517646803307178e-07,2.82045238189061998e+00,3.68562574566262668e+00,4.14130629019667662e+00
3.68,1.88782146979708457e-05,7.73888189280101036e-07,1.44530110632822351e-07,2.81048094562042428e+00,3.67849876064775216e+00,4.13446030042395307e+00
3.72,1.76745456841512573e-05,6.93054426866138030e-07,1.26970896271714748e-07,2.80087674855297930e+00,3.67150674066065941e+00,4.12772977319830403e+00
3.76,1.65361603769398834e-05,6.20636223101733568e-07,1.11544981509157852e-07,2.79163046821902894e+00,3.66464458693487005e+00,4.12111169765501284e+00
3.80,1.54602876299301014e-05,5.55764835578291056e-07,9.79931871244068651e-08,2.78273301929244044e+00,3.65790671290094105e+00,4.11460316899549294e+00
3.84,1.44442366725497385e-05,4.97660805357662553e-07,8.60878223149083995e-08,2.77417552171730497e+00,3.65128729692976117e+00,4.10820138361857357e+00
3.88,1.34853959754608410e-05,4.45624256196451262e-07,7.56288595241878480e-08,2.76594926871071634e+00,3.64478054736163859e+00,4.10190363313520123e+00
3.92,1.25812321116429997e-05,3.99026464703308957e-07,6.64405734367719755e-08,2.75804569450160830e+00,3.63838094940118717e+00,4.09570729980343184e+00
3.96,1.17292886133053983e-05,3.57302532793800185e-07,5.83685883615708887e-08,2.75045634167339204e+00,3.63208346187225661e+00,4.08960985197116944e+00
4.00,1.09271848246321688e-05,3.19944992835279301e-07,5.12772838096460552e-08,2.74317282799343598e+00,3.62588363764931998e+00,4.08360884220604170e+00
