speed,energy_over_a_c,production_rate_over_a_c,reference_rate_over_a_c,absolute_difference,relative_difference
0.30,0.08,7.32583843160540624e-03,7.32583843162301542e-03,1.76091780046405688e-14,2.40370821292318795e-12
0.30,0.12,7.05655785215293565e-03,7.05655785217118147e-03,1.82458215203240570e-14,2.58565463538432306e-12
0.30,0.16,6.79401291879563798e-03,6.79401291880533768e-03,9.69970631592431687e-15,1.42768440858807159e-12
0.30,0.20,6.53812046252692791e-03,6.53812046252708837e-03,1.60461921527854656e-16,2.45425153065830099e-14
0.30,0.24,6.28879713274264202e-03,6.28879713274085872e-03,1.78329573330415769e-15,2.83567063090639161e-13
0.30,0.28,6.04595940080183622e-03,6.04595940079544810e-03,6.38811920028459213e-15,1.05659313548220764e-12
0.30,0.32,5.80952356359510074e-03,5.80952356358806730e-03,7.03343633334796436e-15,1.21067351846731925e-12
0.30,0.36,5.57940574712008624e-03,5.57940574711658643e-03,3.49980461278320831e-15,6.27271930275351033e-13
0.30,0.40,5.35552191006399662e-03,5.35552191006149949e-03,2.49713444366861381e-15,4.66272846158506007e-13
0.30,0.44,5.13778784739302684e-03,5.13778784739404946e-03,1.02261948908832778e-15,1.99038870319842649e-13
0.30,0.48,4.92611919394859380e-03,4.92611919395239978e-03,3.80598330629311477e-15,7.72612914231870171e-13
0.30,0.52,4.72043142805014804e-03,4.72043142805330697e-03,3.15893144975376572e-15,6.69203969573709205e-13
0.30,0.56,4.52063987510476200e-03,4.52063987510840752e-03,3.64552138476526011e-15,8.06417119142417495e-13
0.30,0.60,4.32665971122294345e-03,4.32665971122493144e-03,1.98799310346942093e-15,4.59475261784938276e-13
0.30,0.64,4.13840596684078750e-03,4.13840596683998606e-03,8.01442245901284878e-16,1.93659648744719952e-13
0.30,0.68,3.95579353034809702e-03,3.95579353034671965e-03,1.37737043992558483e-15,3.48190680165468669e-13
0.30,0.72,3.77873715172222973e-03,3.77873715171935833e-03,2.87140103361060994e-15,7.59883770244272639e-13
0.30,0.76,3.60715144616751597e-03,3.60715144616450580e-03,3.01017891168875451e-15,8.34503057776929847e-13
0.30,0.80,3.44095089776001468e-03,3.44095089775879907e-03,1.21560747579074757e-15,3.53276612166279827e-13
0.30,0.84,3.28004986309735460e-03,3.28004986309676479e-03,5.89805981832114412e-16,1.79816163305293790e-13
0.30,0.88,3.12436257495364621e-03,3.12436257495473779e-03,1.09157474725840586e-15,3.49375183280134945e-13
0.30,0.92,2.97380314593922741e-03,2.97380314594168508e-03,2.45766948459014145e-15,8.26439869748639831e-13
0.30,0.96,2.82828557216520046e-03,2.82828557216705965e-03,1.85918988537814300e-15,6.57355786019024121e-13
0.30,1.00,2.68772373691254047e-03,2.68772373691439879e-03,1.85832252364015460e-15,6.91411285362823100e-13
0.30,1.04,2.55203141430576609e-03,2.55203141430651419e-03,7.48099499014998059e-16,2.93138828472566290e-13
0.30,1.08,2.42112227299078704e-03,2.42112227298976919e-03,1.01784899952939156e-15,4.20403798223904364e-13
0.30,1.12,2.29490987981691673e-03,2.29490987981561699e-03,1.29974156437562272e-15,5.66358433421381041e-13
0.30,1.16,2.17330770352270296e-03,2.17330770352068461e-03,2.01835076429901505e-15,9.28699954005295810e-13
0.30,1.20,2.05622911842540893e-03,2.05622911842351245e-03,1.89648644011164436e-15,9.22312802167522525e-13
0.30,1.24,1.94358740811393293e-03,1.94358740811345090e-03,4.82036285887055271e-16,2.48013690495631083e-13
0.30,1.28,1.83529576914498384e-03,1.83529576914504802e-03,6.41847686111418625e-17,3.49724386064713773e-14
0.30,1.32,1.73126731474238177e-03,1.73126731474355791e-03,1.17614251671227521e-15,6.79353504046537193e-13
0.30,1.36,1.63141507849929603e-03,1.63141507850129595e-03,1.99991932736676148e-15,1.22588012929486522e-12
0.30,1.40,1.53565201808335034e-03,1.53565201808470450e-03,1.35416851343439504e-15,8.81819902873139677e-13
0.30,1.44,1.44389101894438110e-03,1.44389101894549913e-03,1.11802928026705217e-15,7.74316943313055603e-13
0.30,1.48,1.35604489802475269e-03,1.35604489802490817e-03,1.55474591534421336e-16,1.14652982184344704e-13
0.30,1.52,1.27202640747198464e-03,1.27202640747079224e-03,1.19240554929955778e-15,9.37406285196903213e-13
0.30,1.56,1.19174823835354140e-03,1.19174823835223559e-03,1.30581309654154154e-15,1.09571221044724776e-12
0.30,1.60,1.11512302437352727e-03,1.11512302437186432e-03,1.66294929215826670e-15,1.49126980235654856e-12
0.30,1.64,1.04206334559110172e-03,1.04206334558975969e-03,1.34202544910255739e-15,1.28785400118169687e-12
0.30,1.68,9.72481732140393100e-04,9.72481732140351033e-04,4.20670442924375720e-17,4.32574133807650298e-14
0.30,1.72,9.06290667951791451e-04,9.06290667952260043e-04,4.68592178948235016e-16,5.17044029601459726e-13
0.30,1.76,8.43402594474394990e-04,8.43402594475725197e-04,1.33020764542246539e-15,1.57719178733300836e-12
0.30,1.80,7.83729914399485645e-04,7.83729914401313827e-04,1.82818170324505758e-15,2.33266801439063808e-12
0.30,1.84,7.27184995384932650e-04,7.27184995385994843e-04,1.06219286838404869e-15,1.46069139919509663e-12
0.30,1.88,6.73680173780336327e-04,6.73680173781010375e-04,6.74048490634238107e-16,1.00054672360500164e-12
0.30,1.92,6.23127758352742269e-04,6.23127758352451486e-04,2.90783022660612289e-16,4.66650728944321137e-13
0.30,1.96,5.75440034012761445e-04,5.75440034011317505e-04,1.44394045331619481e-15,2.50928049487741413e-12
0.30,2.00,5.30529265540871479e-04,5.30529265539475352e-04,1.39612713750958406e-15,2.63157421879434794e-12
0.30,2.04,4.88307701313696026e-04,4.88307701312162205e-04,1.53382081341524312e-15,3.14109486558089748e-12
0.30,2.08,4.48687577030058415e-04,4.48687577029081494e-04,9.76920367518063770e-16,2.17728418956147079e-12
0.30,2.12,4.11581119436602212e-04,4.11581119436985586e-04,3.83373888190874368e-16,9.31466168116028339e-13
0.30,2.16,3.76900550052829727e-04,3.76900550053688795e-04,8.59067591368889438e-16,2.27929513832366894e-12
0.30,2.20,3.44558088895369219e-04,3.44558088897004087e-04,1.63486845589089214e-15,4.74482680445673671e-12
0.30,2.24,3.14465958201373490e-04,3.14465958203252413e-04,1.87892236491737918e-15,5.97496268166156673e-12
0.30,2.28,2.86536386150856512e-04,2.86536386151705876e-04,8.49363981925144174e-16,2.96424476253236084e-12
0.30,2.32,2.60681610587860349e-04,2.60681610588173250e-04,3.12900746979316580e-16,1.20031768360384841e-12
0.30,2.36,2.36813882740277384e-04,2.36813882739439783e-04,8.37600388353676450e-16,3.53695644302773650e-12
0.30,2.40,2.14845470938112936e-04,2.14845470936142886e-04,1.97004955751478583e-15,9.16961176296022983e-12
0.30,2.44,1.94688664329993187e-04,1.94688664328326416e-04,1.66677110481627810e-15,8.56121290146305439e-12
0.30,2.48,1.76255776597717203e-04,1.76255776596081956e-04,1.63524792665126206e-15,9.27769834403040251e-12
0.30,2.52,1.59459149668641527e-04,1.59459149667976667e-04,6.64859877222423457e-16,4.16946834726501562e-12
0.30,2.56,1.44211157425682643e-04,1.44211157426766900e-04,1.08425638259412871e-15,7.51853325318974913e-12
0.30,2.60,1.30424209414779514e-04,1.30424209416329299e-04,1.54978569040509218e-15,1.18826535145633536e-11
0.30,2.64,1.18010754549670795e-04,1.18010754552138304e-04,2.46750861930544740e-15,2.09091843253597545e-11
0.30,2.68,1.06883284813855117e-04,1.06883284816264784e-04,2.40966643340334574e-15,2.25448388636785111e-11
0.30,2.72,9.69543389595723586e-05,9.69543389601958832e-05,6.23524669396413600e-16,6.43111671002572132e-12
0.30,2.76,8.81365062036851678e-05,8.81365062034680021e-05,2.17165695148846538e-16,2.46396986337883091e-12
0.30,2.80,8.03424299203143799e-05,8.03424299181194803e-05,2.19489953556112338e-15,2.73193073423101913e-11
0.30,2.84,7.34848113299962588e-05,7.34848113261357401e-05,3.86051867556913564e-15,5.25349198820912861e-11
0.30,2.88,6.74764131851994634e-05,6.74764131823441356e-05,2.85532773640351234e-15,4.23159382922066275e-11
0.30,2.92,6.22300634519602986e-05,6.22300634492750415e-05,2.68525707312200490e-15,4.31504794352461334e-11
0.30,2.96,5.76586589874164364e-05,5.76586589873488635e-05,6.75729004001590638e-17,1.17194713832983061e-12
0.30,3.00,5.36751692130655128e-05,5.36751692176994810e-05,4.63396817662956040e-15,8.63335550528921557e-11
0.30,3.04,5.01926397835595012e-05,5.01926397894968837e-05,5.93738247586447776e-15,1.18291895002241170e-10
0.30,3.08,4.71241962508970756e-05,4.71241962614534101e-05,1.05563344524051139e-14,2.24010917742484055e-10
0.30,3.12,4.43830477244128057e-05,4.43830477366380729e-05,1.22252671853027850e-14,2.75449024092387048e-10
0.30,3.16,4.18824905361981647e-05,4.18824905214494779e-05,1.47486867553905943e-14,3.52144453965488975e-10
0.30,3.20,3.95376834755280229e-05,3.95376834775278542e-05,1.99983123594024703e-15,5.05803845861859065e-11
0.30,3.24,3.73036744445930476e-05,3.73036744582627296e-05,1.36696819770694422e-14,3.66443310895922205e-10
0.30,3.28,3.51748790800020283e-05,3.51748790909185753e-05,1.09165470716862667e-14,3.10350663707176553e-10
0.30,3.32,3.31474748687426011e-05,3.31474748726899712e-05,3.94737004584880258e-15,1.19085090523773809e-10
0.30,3.36,3.12177329346330525e-05,3.12177329369528589e-05,2.31980640209503153e-15,7.43105339128917014e-11
0.30,3.40,2.93820169557866021e-05,2.93820169548186060e-05,9.67996028385792462e-16,3.29451865021486437e-11
0.30,3.44,2.76367820819943412e-05,2.76367820786531147e-05,3.34122649253004722e-15,1.20897812307563789e-10
0.30,3.48,2.59785738470261863e-05,2.59785738447341084e-05,2.29207793153371475e-15,8.82295519851380089e-11
0.30,3.52,2.44040270758141237e-05,2.44040270733506266e-05,2.46349707126725104e-15,1.00946334138327838e-10
0.30,3.56,2.29098647865269178e-05,2.29098647852639510e-05,1.26296678193763001e-15,5.51276401574396730e-11
0.30,3.60,2.14928970877751078e-05,2.14928970885228075e-05,7.47699699463894030e-16,3.47882231224735686e-11
0.30,3.64,2.01500200709708543e-05,2.01500200718081294e-05,8.37275127701930799e-16,4.15520741278745195e-11
0.30,3.68,1.88782146979708457e-05,1.88782146996022345e-05,1.63138884454357147e-15,8.64164790210774025e-11
0.30,3.72,1.76745456841512573e-05,1.76745456858287078e-05,1.67745049621526032e-15,9.49077009408069256e-11
0.30,3.76,1.65361603769398834e-05,1.65361603773710097e-05,4.31126217625282804e-16,2.60717244987088782e-11
0.30,3.80,1.54602876299301014e-05,1.54602876301638249e-05,2.33723495201773601e-16,1.51176679757087393e-11
0.30,3.84,1.44442366725497385e-05,1.44442366719683758e-05,5.81362757413883546e-16,4.02487698461852198e-11
0.30,3.88,1.34853959754608410e-05,1.34853959741714840e-05,1.28935694044228499e-15,9.56113519329936125e-11
0.30,3.92,1.25812321116429997e-05,1.25812321109165402e-05,7.26459501278545194e-16,5.77415228392621077e-11
0.30,3.96,1.17292886133053983e-05,1.17292886125313593e-05,7.74039035991713753e-16,6.59919848135328865e-11
0.30,4.00,1.09271848246321688e-05,1.09271848243455244e-05,2.86644419680327778e-16,2.62322294614885973e-11
0.60,0.08,1.31247130423143704e-02,1.31247130426036546e-02,2.89284221577368328e-13,2.20411844920596229e-11
0.60,0.12,1.21224248296590859e-02,1.21224248299428312e-02,2.83745249518574383e-13,2.34066412866271839e-11
0.60,0.16,1.11751810568986257e-02,1.11751810570473661e-02,1.48740395000679371e-13,1.33098868144851876e-11
0.60,0.20,1.02815462430338681e-02,1.02815462430184985e-02,1.53696499971545109e-14,1.49487729120422912e-12
0.60,0.24,9.44005496790647179e-03,9.44005496785868883e-03,4.77829581457811514e-14,5.06172456712080758e-12
0.60,0.28,8.64921329075336344e-03,8.64921329064703530e-03,1.06328140736522414e-13,1.22933886774999571e-11
0.60,0.32,7.90750019481179130e-03,7.90750019469473736e-03,1.17053935988487012e-13,1.48029001715384442e-11
0.60,0.36,7.21336905641571137e-03,7.21336905636837510e-03,4.73362668507171236e-14,6.56229654698257240e-12
0.60,0.40,6.56524913700174545e-03,6.56524913698403045e-03,1.77149961366751540e-14,2.69829762238286331e-12
0.60,0.44,5.96154709642102761e-03,5.96154709645033143e-03,2.93038163179382138e-14,4.91547174648448407e-12
0.60,0.48,5.40064852593077818e-03,5.40064852600836282e-03,7.75846401013247089e-14,1.43658006492542066e-11
0.60,0.52,4.88091949922033700e-03,4.88091949927962464e-03,5.92876442384593361e-14,1.21468186982411008e-11
0.60,0.56,4.40070813980684549e-03,4.40070813985165080e-03,4.48053052992669620e-14,1.01813853305839456e-11
0.60,0.60,3.95834620311946803e-03,3.95834620313861157e-03,1.91435409191420547e-14,4.83624724486275416e-12
0.60,0.64,3.55215067157541075e-03,3.55215067154024703e-03,3.51637122197878682e-14,9.89927384035783054e-12
0.60,0.68,3.18042536093799712e-03,3.18042536088834499e-03,4.96521226911461611e-14,1.56117868074343074e-11
0.60,0.72,2.84146253623656416e-03,2.84146253618591804e-03,5.06461192428808715e-14,1.78239616387351447e-11
0.60,0.76,2.53354453551916893e-03,2.53354453547101517e-03,4.81537552887711939e-14,1.90064767422053068e-11
0.60,0.80,2.25494539970319844e-03,2.25494539969791664e-03,5.28179930348038340e-15,2.34231804645378921e-12
0.60,0.84,2.00393250678484796e-03,2.00393250681428362e-03,2.94356553021124512e-14,1.46889454619942580e-11
0.60,0.88,1.77876820866647062e-03,1.77876820871018218e-03,4.37115621476635852e-14,2.45740630699486400e-11
0.60,0.92,1.57771146886033693e-03,1.57771146892323605e-03,6.28991216750085513e-14,3.98673159915204507e-11
0.60,0.96,1.39901949932877195e-03,1.39901949937328170e-03,4.45097517870474135e-14,3.18149616978079546e-11
0.60,1.00,1.24094939472323986e-03,1.24094939472187745e-03,1.36240844994528487e-15,1.09787591318389644e-12
0.60,1.04,1.10175976228978805e-03,1.10175976226110721e-03,2.86808337496280430e-14,2.60318399092441555e-11
0.60,1.08,9.79712345714223295e-04,9.79712345644684303e-04,6.95389926197442776e-14,7.09789898319442307e-11
0.60,1.12,8.73073641189042108e-04,8.73073641091984981e-04,9.70571279595988656e-14,1.11167172379876206e-10
0.60,1.16,7.80116503994401087e-04,7.80116503943665629e-04,5.07354575018936771e-14,6.50357443348710700e-11
0.60,1.20,6.99121743897806666e-04,6.99121743895917119e-04,1.88954754620773713e-15,2.70274464026546805e-12
0.60,1.24,6.28379707690426858e-04,6.28379707773072120e-04,8.26452621616180494e-14,1.31521214226516501e-10
0.60,1.28,5.66191847181667551e-04,5.66191847530913249e-04,3.49245697466027405e-13,6.16832790844730541e-10
0.60,1.32,5.10872270788750686e-04,5.10872271654735162e-04,8.65984475968695211e-13,1.69510956851061385e-09
0.60,1.36,4.60814468479724940e-04,4.60814468123352510e-04,3.56372429396317747e-13,7.73353386337085767e-10
0.60,1.40,4.15185286360494714e-04,4.15185286297631534e-04,6.28631803729906569e-14,1.51409942615178050e-10
0.60,1.44,3.73656499386946714e-04,3.73656499489136997e-04,1.02190283145231486e-13,2.73487235696277204e-10
0.60,1.48,3.35923850276824063e-04,3.35923850380433296e-04,1.03609232738471890e-13,3.08430713154587215e-10
0.60,1.52,3.01698644863864656e-04,3.01698644921915172e-04,5.80505153495447512e-14,1.92412250855714755e-10
0.60,1.56,2.70707473534021641e-04,2.70707473585976338e-04,5.19546970549622511e-14,1.91921916180350695e-10
0.60,1.60,2.42691913408828918e-04,2.42691913404873748e-04,3.95516952522712018e-15,1.62970799881117593e-11
0.60,1.64,2.17408211757748343e-04,2.17408211719203925e-04,3.85444172239235439e-14,1.77290530652568134e-10
0.60,1.68,1.94626951273172121e-04,1.94626951243706135e-04,2.94659858578877332e-14,1.51397253410147166e-10
0.60,1.72,1.74132697872142635e-04,1.74132697829864361e-04,4.22782739806920604e-14,2.42793424253955313e-10
0.60,1.76,1.55723631711048515e-04,1.55723631688147699e-04,2.29008164428362582e-14,1.47060636812641607e-10
0.60,1.80,1.39211162119367931e-04,1.39211162128742891e-04,9.37496066021059615e-15,6.73434552003854803e-11
0.60,1.84,1.24419527177451719e-04,1.24419527187581854e-04,1.01301345784010621e-14,8.14191695418381011e-11
0.60,1.88,1.11185378680460185e-04,1.11185378708065369e-04,2.76051832217780180e-14,2.48280696099976857e-10
0.60,1.92,9.93573532464725370e-05,9.93573532767043355e-05,3.02317985098957132e-14,3.04273388057167219e-10
0.60,1.96,8.87956303419095615e-05,8.87956303493014486e-05,7.39188712409882820e-15,8.32460684722981984e-11
0.60,2.00,7.93714780107007201e-05,7.93714780158411801e-05,5.14045999776974183e-15,6.47645744576382249e-11
0.60,2.04,7.09667871065677061e-05,7.09667870965664696e-05,1.00012364926196917e-14,1.40928410342301863e-10
0.60,2.08,6.34735948392267240e-05,6.34735948136450686e-05,2.55816553921053846e-14,4.03028305978441858e-10
0.60,2.12,5.67935984561342342e-05,5.67935984421954600e-05,1.39387741800167664e-14,2.45428614533091319e-10
0.60,2.16,5.08376598912049267e-05,5.08376598768447028e-05,1.43602238932526161e-14,2.82472165871532264e-10
0.60,2.20,4.55253022204566500e-05,4.55253022140661253e-05,6.39052477385479434e-15,1.40373033523329142e-10
0.60,2.24,4.07841987723208156e-05,4.07841987861755505e-05,1.38547349591219837e-14,3.39708401083467290e-10
0.60,2.28,3.65496557463139234e-05,3.65496557578504308e-05,1.15365074264406342e-14,3.15639290910769539e-10
0.60,2.32,3.27640891991086232e-05,3.27640892146158720e-05,1.55072488053700774e-14,4.73300164206987448e-10
0.60,2.36,2.93764972604714108e-05,2.93764972775073711e-05,1.70359603160474826e-14,5.79918026138921711e-10
0.60,2.40,2.63419284438824246e-05,2.63419284431847710e-05,6.97653604808320948e-16,2.64845304060803913e-11
0.60,2.44,2.36209469179801409e-05,2.36209469144158940e-05,3.56424687941031548e-15,1.50893479940681432e-10
0.60,2.48,2.11790956049634279e-05,2.11790955958152654e-05,9.14816250638557371e-15,4.31943019710111732e-10
0.60,2.52,1.89863579710725443e-05,1.89863579518837921e-05,1.91887521497347002e-14,1.01065998009538345e-09
0.60,2.56,1.70166193721324542e-05,1.70166193636064272e-05,8.52602697102265716e-15,5.01041175620190163e-10
0.60,2.60,1.52471288141159645e-05,1.52471288091186751e-05,4.99728940682713646e-15,3.27752816244227250e-10
0.60,2.64,1.36579619845451772e-05,1.36579619833022309e-05,1.24294631119632737e-15,9.10052548627615197e-11
0.60,2.68,1.22314864197639717e-05,1.22314864332252582e-05,1.34612864610564667e-14,1.10054379200312201e-09
0.60,2.72,1.09518445676375468e-05,1.09518445784975900e-05,1.08600431978408268e-14,9.91617724302168963e-10
0.60,2.76,9.80459721850738287e-06,9.80459722800539709e-06,9.49801421865591189e-15,9.68730688041546912e-10
0.60,2.80,8.77658381687666694e-06,8.77658382753356284e-06,1.06568958979690390e-14,1.21424190862698003e-09
0.60,2.84,7.85583012478201960e-06,7.85583012128172032e-06,3.50029928002440482e-15,4.45567078970046827e-10
0.60,2.88,7.03146066842676271e-06,7.03146066165581511e-06,6.77094759925743472e-15,9.62950363383383793e-10
0.60,2.92,6.29361546587167214e-06,6.29361545807085614e-06,7.80081599630836481e-15,1.23948087522644753e-09
0.60,2.96,5.63337099398938980e-06,5.63337097920163027e-06,1.47877595382144879e-14,2.62502852959813979e-09
0.60,3.00,5.04266534422014353e-06,5.04266533864120168e-06,5.57894184950898098e-15,1.10634782894640481e-09
0.60,3.04,4.51422750807742067e-06,4.51422750782647446e-06,2.50946216118295290e-16,5.55900684409948380e-11
0.60,3.08,4.04151072507004033e-06,4.04151072623091677e-06,1.16087644190391096e-15,2.87238243454208476e-10
0.60,3.12,3.61862981841269682e-06,3.61862983056176534e-06,1.21490685248842618e-14,3.35736704049615617e-09
0.60,3.16,3.24030243507914270e-06,3.24030244490421667e-06,9.82507396838153135e-15,3.03214719472643579e-09
0.60,3.20,2.90179410032160792e-06,2.90179410603248531e-06,5.71087739543920531e-15,1.96805051866601067e-09
0.60,3.24,2.59886698884155424e-06,2.59886699547789137e-06,6.63633712327978131e-15,2.55355011811963137e-09
0.60,3.28,2.32773230768175877e-06,2.32773230304713076e-06,4.63462801529547150e-15,1.99104854507044735e-09
0.60,3.32,2.08500617957511252e-06,2.08500617143107199e-06,8.14404052279938534e-15,3.90600307777967603e-09
0.60,3.36,1.86766890892929954e-06,1.86766890241506624e-06,6.51423330052657446e-15,3.48789514678060812e-09
0.60,3.40,1.67302750644228032e-06,1.67302749507065950e-06,1.13716208165545599e-14,6.79703163878623809e-09
0.60,3.44,1.49868134298569036e-06,1.49868133928064034e-06,3.70505001326534508e-15,2.47220667673339488e-09
0.60,3.48,1.34249079829375032e-06,1.34249080085617025e-06,2.56241993159471264e-15,1.90870576540303690e-09
0.60,3.52,1.20254876513436727e-06,1.20254876763308058e-06,2.49871331308229583e-15,2.07784780154936588e-09
0.60,3.56,1.07715486475320414e-06,1.07715487536725838e-06,1.06140542420463373e-14,9.85378656753278035e-09
0.60,3.60,9.64792226114310935e-07,9.64792234879237619e-07,8.76492668456510179e-15,9.08478153916962396e-09
0.60,3.64,8.64106676669738032e-07,8.64106679736626329e-07,3.06688829690302195e-15,3.54920100587324251e-09
0.60,3.68,7.73888189280101036e-07,7.73888193043036751e-07,3.76293571548511193e-15,4.86237643798223866e-09
0.60,3.72,6.93054426866138030e-07,6.93054421850897348e-07,5.01524068195741525e-15,7.23643125826038895e-09
0.60,3.76,6.20636223101733568e-07,6.20636214473497143e-07,8.62823642506458386e-15,1.39022445417307072e-08
0.60,3.80,5.55764835578291056e-07,5.55764830172191891e-07,5.40609916502846543e-15,9.72731427311350595e-09
0.60,3.84,4.97660805357662553e-07,4.97660796809848201e-07,8.54781435249193228e-15,1.71759849425269811e-08
0.60,3.88,4.45624256196451262e-07,4.45624253840487353e-07,2.35596390927271266e-15,5.28688438514847420e-09
0.60,3.92,3.99026464703308957e-07,3.99026469000261730e-07,4.29695277221882831e-15,1.07685908230213420e-08
0.60,3.96,3.57302532793800185e-07,3.57302536088963861e-07,3.29516367618805589e-15,9.22233497768289442e-09
0.60,4.00,3.19944992835279301e-07,3.19945001895920328e-07,9.06064102716551021e-15,2.83193704339003258e-08
0.85,0.08,1.63938394804544925e-02,1.63938394816420772e-02,1.18758475275981823e-12,7.24409162411089277e-11
0.85,0.12,1.45505616846561946e-02,1.45505616858682685e-02,1.21207384407018282e-12,8.33008285341567134e-11
0.85,0.16,1.28778447602608641e-02,1.28778447608278428e-02,5.66978755611735608e-13,4.40274569341281450e-11
0.85,0.20,1.13676775651943250e-02,1.13676775651403387e-02,5.39863292958742136e-14,4.74910807300046156e-12
0.85,0.24,1.00114232503378843e-02,1.00114232501032508e-02,2.34633493190194997e-13,2.34365771308065650e-11
0.85,0.28,8.79989344836832818e-03,8.79989344778305156e-03,5.85276618836338969e-13,6.65095119968511829e-11
0.85,0.32,7.72342645690964318e-03,7.72342645637159528e-03,5.38047904841132407e-13,6.96644045075691821e-11
0.85,0.36,6.77196865409947658e-03,6.77196865380146062e-03,2.98015952193697586e-13,4.40072846507352987e-11
0.85,0.40,5.93515835707789183e-03,5.93515835697127313e-03,1.06618706918748529e-13,1.79639194956807078e-11
0.85,0.44,5.20241131445280114e-03,5.20241131481895443e-03,3.66153288244852604e-13,7.03814569989637248e-11
0.85,0.48,4.56300701266494895e-03,4.56300701324758706e-03,5.82638104429378245e-13,1.27687312935927876e-10
0.85,0.52,4.00617497345721277e-03,4.00617497424205719e-03,7.84844411683138787e-13,1.95908670172756587e-10
0.85,0.56,3.52118022536127570e-03,3.52118022627166249e-03,9.10386783320449311e-13,2.58545920634228868e-10
0.85,0.60,3.09740714675877434e-03,3.09740714575327918e-03,1.00549516629522273e-12,3.24624797122268419e-10
0.85,0.64,2.72455595096432685e-03,2.72455595118228271e-03,2.17955861692153974e-13,7.99968382361812407e-11
0.85,0.68,2.39517081437907661e-03,2.39517081521898939e-03,8.39912774747153534e-13,3.50669258914780449e-10
0.85,0.72,2.10463960723592880e-03,2.10463960783745414e-03,6.01525339954944727e-13,2.85809189238351457e-10
0.85,0.76,1.84878422833009205e-03,1.84878422845416142e-03,1.24069374565771717e-13,6.71086288255016276e-11
0.85,0.80,1.62375631575569423e-03,1.62375631586457523e-03,1.08881003171856783e-13,6.70550144181472731e-11
0.85,0.84,1.42603558400887466e-03,1.42603558392392438e-03,8.49502759803222318e-14,5.95709370355053696e-11
0.85,0.88,1.25242441029386488e-03,1.25242441010682288e-03,1.87042005148074786e-13,1.49343947338204176e-10
0.85,0.92,1.10003889530823989e-03,1.10003889525573631e-03,5.25035744047830377e-14,4.77288345268710160e-11
0.85,0.96,9.66296660249965330e-04,9.66296660146842524e-04,1.03122805433786269e-13,1.06719612813434838e-10
0.85,1.00,8.48901674201700106e-04,8.48901674175576797e-04,2.61233092449519866e-14,3.07730683536724328e-11
0.85,1.04,7.45826434350666759e-04,7.45826434431870575e-04,8.12038153732985712e-14,1.08877631073984597e-10
0.85,1.08,6.55291845419649012e-04,6.55291845431336820e-04,1.16878078396109863e-14,1.78360343121890184e-11
0.85,1.12,5.75745163994990667e-04,5.75745164063103392e-04,6.81127246618395965e-14,1.18303598385716068e-10
0.85,1.16,5.05836387970909481e-04,5.05836388027864682e-04,5.69552001047912704e-14,1.12596091251651545e-10
0.85,1.20,4.44393480978059043e-04,4.44393480942407548e-04,3.56514947771890967e-14,8.02250624864802047e-11
0.85,1.24,3.90396826376533006e-04,3.90396826387503831e-04,1.09708249429463223e-14,2.81017267595735931e-11
0.85,1.28,3.42953447218928347e-04,3.42953447186949045e-04,3.19793020189806931e-14,9.32467723572648501e-11
0.85,1.32,3.01274785174889491e-04,3.01274785114562205e-04,6.03272857016556863e-14,2.00240075447122938e-10
0.85,1.36,2.64663588723805271e-04,2.64663588737730276e-04,1.39250048124262005e-14,5.26139801807994611e-11
0.85,1.40,2.32504644021534176e-04,2.32504644000917123e-04,2.06170529867127916e-14,8.86737255305380714e-11
0.85,1.44,2.04256160731228122e-04,2.04256160732589148e-04,1.36102609217536585e-15,6.66332945500337937e-12
0.85,1.48,1.79441736288433860e-04,1.79441736339594921e-04,5.11610610647028619e-14,2.85112383040476943e-10
0.85,1.52,1.57642932519196809e-04,1.57642932514733474e-04,4.46333508347107610e-15,2.83129412290901668e-11
0.85,1.56,1.38492484343390090e-04,1.38492484363837384e-04,2.04472940315558738e-14,1.47641903641776182e-10
0.85,1.60,1.21668146675407606e-04,1.21668146696429541e-04,2.10219347355003472e-14,1.72780923407599289e-10
0.85,1.64,1.06887172768866401e-04,1.06887172732490307e-04,3.63760941941154714e-14,3.40322353601353095e-10
0.85,1.68,9.39014053149170129e-05,9.39014053168708807e-05,1.95386784009043968e-15,2.08076528087849224e-11
0.85,1.72,8.24929507480579412e-05,8.24929507350676135e-05,1.29903276720536032e-14,1.57471972529786565e-10
0.85,1.76,7.24703975742538352e-05,7.24703975405142361e-05,3.37395991137010021e-14,4.65563875164877298e-10
0.85,1.80,6.36655312255757840e-05,6.36655312461446849e-05,2.05689008577272792e-14,3.23077502930172201e-10
0.85,1.84,5.59304910547927500e-05,5.59304910518664206e-05,2.92632942617415681e-15,5.23208248513402616e-11
0.85,1.88,4.91353096769000863e-05,4.91353096778978708e-05,9.97784483074831696e-16,2.03068727889519494e-11
0.85,1.92,4.31657711633137527e-05,4.31657711998444812e-05,3.65307285289662165e-14,8.46289259140998052e-10
0.85,1.96,3.79215269783146419e-05,3.79215269708885685e-05,7.42607337385001176e-15,1.95827382677676129e-10
0.85,2.00,3.33144272378136017e-05,3.33144272419232768e-05,4.10967511106988259e-15,1.23360221120602616e-10
0.85,2.04,2.92670439641442719e-05,2.92670439762568125e-05,1.21125406525503937e-14,4.13862796064297309e-10
0.85,2.08,2.57113677652641903e-05,2.57113677344689116e-05,3.07952787077271639e-14,1.19773008677569148e-09
0.85,2.12,2.25876602150278597e-05,2.25876602141825547e-05,8.45305000041901566e-16,3.74233095427539408e-11
0.85,2.16,1.98434451322753249e-05,1.98434451292540059e-05,3.02131908901104307e-15,1.52257789377354273e-10
0.85,2.20,1.74326230507910154e-05,1.74326230281629300e-05,2.26280853863475295e-14,1.29803101631872461e-09
0.85,2.24,1.53146943935615578e-05,1.53146944132307674e-05,1.96692095662080735e-14,1.28433575202227505e-09
0.85,2.28,1.34540781647413017e-05,1.34540781687337644e-05,3.99246269182883251e-15,2.96747398205772751e-10
0.85,2.32,1.18195143094719111e-05,1.18195143078228497e-05,1.64906133995508519e-15,1.39520228751162768e-10
0.85,2.36,1.03835392209214814e-05,1.03835392482947097e-05,2.73732283313701114e-14,2.63621369138327474e-09
0.85,2.40,9.12202515890147013e-06,9.12202515155933772e-06,7.34213240877711060e-15,8.04879649725810211e-10
0.85,2.44,8.01377555105586709e-06,8.01377554723393923e-06,3.82192785449222971e-15,4.76919752988517181e-10
0.85,2.48,7.04016924542225957e-06,7.04016925436660646e-06,8.94434689751840220e-15,1.27047327618874298e-09
0.85,2.52,6.18484774806942499e-06,6.18484772297322366e-06,2.50962013282761583e-14,4.05769106247481483e-09
0.85,2.56,5.43344029205121795e-06,5.43344028966831352e-06,2.38290442743484612e-15,4.38562733810830434e-10
0.85,2.60,4.77332223686186903e-06,4.77332223985055363e-06,2.98868460361922939e-15,6.26122531319570217e-10
0.85,2.64,4.19340281826260500e-06,4.19340280190517652e-06,1.63574284800234275e-14,3.90075298098999771e-09
0.85,2.68,3.68393871448870163e-06,3.68393873149939919e-06,1.70106975583956231e-14,4.61752998575850447e-09
0.85,2.72,3.23637029907129390e-06,3.23637030655951493e-06,7.48822102822300703e-15,2.31377139168709747e-09
0.85,2.76,2.84317781817288064e-06,2.84317781421592006e-06,3.95696057639408939e-15,1.39173869344690416e-09
0.85,2.80,2.49775506114393882e-06,2.49775508193204037e-06,2.07881015495319042e-14,8.32271414435561250e-09
0.85,2.84,2.19429838796238028e-06,2.19429838175485613e-06,6.20752415263345000e-15,2.82893347789332056e-09
0.85,2.88,1.92770924008056918e-06,1.92770923184691173e-06,8.23365745565183757e-15,4.27121337576584808e-09
0.85,2.92,1.69350849157853743e-06,1.69350849900056919e-06,7.42203175614218787e-15,4.38263626106531512e-09
0.85,2.96,1.48776120039106308e-06,1.48776118035615234e-06,2.00349107472291973e-14,1.34664830698385859e-08
0.85,3.00,1.30701049668560679e-06,1.30701049319470936e-06,3.49089742606811890e-15,2.67090237166754644e-09
0.85,3.04,1.14821949978367698e-06,1.14821950651296390e-06,6.72928691902144240e-15,5.86062758980437682e-09
0.85,3.08,1.00872028975126845e-06,1.00872027760092387e-06,1.21503445800193004e-14,1.20453061664596522e-08
0.85,3.12,8.86169078951239114e-07,8.86169092926961929e-07,1.39757228159671830e-14,1.57709436353802763e-08
0.85,3.16,7.78506830062526956e-07,7.78506839447263647e-07,9.38473669097133166e-15,1.20547902927024410e-08
0.85,3.20,6.83924660036991427e-07,6.83924654420433373e-07,5.61655805330095242e-15,8.21224679794662035e-09
0.85,3.24,6.00833448225961419e-07,6.00833463856864647e-07,1.56309032278123517e-14,2.60153672657887608e-08
0.85,3.28,5.27837137268938874e-07,5.27837132511369850e-07,4.75756902423792082e-15,9.01332765582845895e-09
0.85,3.32,4.63709278170128886e-07,4.63709267357390149e-07,1.08127387370772791e-14,2.33179267662633996e-08
0.85,3.36,4.07372425234735418e-07,4.07372431691713579e-07,6.45697816139647923e-15,1.58503071368435509e-08
0.85,3.40,3.57880034055954457e-07,3.57880018522423808e-07,1.55335306495366023e-14,4.34042970984235425e-08
0.85,3.44,3.14400558380623224e-07,3.14400553982304483e-07,4.39831874026396733e-15,1.39895387732412185e-08
0.85,3.48,2.76203478824450958e-07,2.76203487915172243e-07,9.09072128470487855e-15,3.29131299293976532e-08
0.85,3.52,2.42647028900262229e-07,2.42647019949225148e-07,8.95103708137317189e-15,3.68891284271540249e-08
0.85,3.56,2.13167411544601131e-07,2.13167422498288242e-07,1.09536871106129832e-14,5.13853710958152775e-08
0.85,3.60,1.87269326219186768e-07,1.87269336672023402e-07,1.04528366347806338e-14,5.58171285301626570e-08
0.85,3.64,1.64517646803307178e-07,1.64517640104614613e-07,6.69869256542264990e-15,4.07171690595795010e-08
0.85,3.68,1.44530110632822351e-07,1.44530121973724248e-07,1.13409018961729618e-14,7.84673931032504906e-08
0.85,3.72,1.26970896271714748e-07,1.26970893063908439e-07,3.20780630960152292e-15,2.52641076406931552e-08
0.85,3.76,1.11544981509157852e-07,1.11544969326901186e-07,1.21822566654211143e-14,1.09213860014779993e-07
0.85,3.80,9.79931871244068651e-08,9.79931927154759103e-08,5.59106904520794741e-15,5.70556881582750856e-08
0.85,3.84,8.60878223149083995e-08,8.60878108357593973e-08,1.14791490022305332e-14,1.33342326756696799e-07
0.85,3.88,7.56288595241878480e-08,7.56288544964367012e-08,5.02775114683012446e-15,6.64792714408626889e-08
0.85,3.92,6.64405734367719755e-08,6.64405838656853029e-08,1.04289133273859590e-14,1.56966009637555278e-07
0.85,3.96,5.83685883615708887e-08,5.83685820139454815e-08,6.34762540719511611e-15,1.08750721504225253e-07
0.85,4.00,5.12772838096460552e-08,5.12772919137732605e-08,8.10412720535912964e-15,1.58045148308277420e-07
