speed,energy_over_a_c,production_rate_over_a_c,mode_sum_rate_over_a_c,absolute_difference,relative_difference
0.30,0.08,7.32583843160540624e-03,7.32583843162792209e-03,2.25158433564409677e-14,3.07348347449666255e-12
0.30,0.12,7.05655785215293565e-03,7.05655785216937736e-03,1.64417091053081776e-14,2.32998998233303634e-12
0.30,0.16,6.79401291879563798e-03,6.79401291880461257e-03,8.97459190296601150e-15,1.32095596670503035e-12
0.30,0.20,6.53812046252692791e-03,6.53812046252890203e-03,1.97411531566160647e-15,3.01939269393337506e-13
0.30,0.24,6.28879713274264202e-03,6.28879713273937900e-03,3.26301485831237414e-15,5.18861523028811075e-13
0.30,0.28,6.04595940080183622e-03,6.04595940079579158e-03,6.04464395204118432e-15,9.99782425142577981e-13
0.30,0.32,5.80952356359510074e-03,5.80952356358878808e-03,6.31265872907960102e-15,1.08660523707042248e-12
0.30,0.36,5.57940574712008624e-03,5.57940574711549009e-03,4.59614984960055040e-15,8.23770497776886792e-13
0.30,0.40,5.35552191006399662e-03,5.35552191006220552e-03,1.79110198894605332e-15,3.34440231787838821e-13
0.30,0.44,5.13778784739302684e-03,5.13778784739411104e-03,1.08420217248550443e-15,2.11025095758948553e-13
0.30,0.48,4.92611919394859380e-03,4.92611919395173105e-03,3.13724740630405563e-15,6.36859824698508090e-13
0.30,0.52,4.72043142805014804e-03,4.72043142805405203e-03,3.90399518268580437e-15,8.27042028295109650e-13
0.30,0.56,4.52063987510476200e-03,4.52063987510807706e-03,3.31505656259167836e-15,7.33315781432915804e-13
0.30,0.60,4.32665971122294345e-03,4.32665971122468077e-03,1.73732556119077231e-15,4.01539681219583231e-13
0.30,0.64,4.13840596684078750e-03,4.13840596684057847e-03,2.09034178855205255e-16,5.05107958305961337e-14
0.30,0.68,3.95579353034809702e-03,3.95579353034621398e-03,1.88304233317282410e-15,4.76021389571365891e-13
0.30,0.72,3.77873715172222973e-03,3.77873715171945200e-03,2.77772596590786236e-15,7.35093724273439851e-13
0.30,0.76,3.60715144616751597e-03,3.60715144616483886e-03,2.67711200430120755e-15,7.42167897371634065e-13
0.30,0.80,3.44095089776001468e-03,3.44095089775829947e-03,1.71520783687206801e-15,4.98469140605722213e-13
0.30,0.84,3.28004986309735460e-03,3.28004986309708398e-03,2.70616862252381907e-16,8.25038866930091267e-14
0.30,0.88,3.12436257495364621e-03,3.12436257495479546e-03,1.14925430283463470e-15,3.67836406711299373e-13
0.30,0.92,2.97380314593922741e-03,2.97380314594131515e-03,2.08773970333808734e-15,7.02043679719507163e-13
0.30,0.96,2.82828557216520046e-03,2.82828557216746644e-03,2.26598254049470427e-15,8.01185906682740165e-13
0.30,1.00,2.68772373691254047e-03,2.68772373691422966e-03,1.68918698473241591e-15,6.28482370242325629e-13
0.30,1.04,2.55203141430576609e-03,2.55203141430634765e-03,5.81566045321224578e-16,2.27883576221296862e-13
0.30,1.08,2.42112227299078704e-03,2.42112227299013131e-03,6.55725473919233082e-16,2.70835339972070023e-13
0.30,1.12,2.29490987981691673e-03,2.29490987981530994e-03,1.60678761962351757e-15,7.00152818093592816e-13
0.30,1.16,2.17330770352270296e-03,2.17330770352072928e-03,1.97368163479261227e-15,9.08146431172757752e-13
0.30,1.20,2.05622911842540893e-03,2.05622911842374490e-03,1.66403349433075221e-15,8.09264628839786006e-13
0.30,1.24,1.94358740811393293e-03,1.94358740811311805e-03,8.14886352840105133e-16,4.19269207774512535e-13
0.30,1.28,1.83529576914498384e-03,1.83529576914525728e-03,2.73435787900844218e-16,1.48987314468768181e-13
0.30,1.32,1.73126731474238177e-03,1.73126731474360822e-03,1.22644949751560262e-15,7.08411397287445164e-13
0.30,1.36,1.63141507849929603e-03,1.63141507850103119e-03,1.73515715684580130e-15,1.06359024120341589e-12
0.30,1.40,1.53565201808335034e-03,1.53565201808499203e-03,1.64169892957755081e-15,1.06905660282646762e-12
0.30,1.44,1.44389101894438110e-03,1.44389101894537835e-03,9.97249158252166978e-16,6.90667886403615332e-13
0.30,1.48,1.35604489802475269e-03,1.35604489802478457e-03,3.18755438710738304e-17,2.35062599457464544e-14
0.30,1.52,1.27202640747198464e-03,1.27202640747106546e-03,9.19186601833210659e-16,7.22615974349667112e-13
0.30,1.56,1.19174823835354140e-03,1.19174823835200292e-03,1.53848288275693079e-15,1.29094621938305217e-12
0.30,1.60,1.11512302437352727e-03,1.11512302437190161e-03,1.62565273742476535e-15,1.45782366778806492e-12
0.30,1.64,1.04206334559110172e-03,1.04206334558993858e-03,1.16313209064244916e-15,1.11618175187226313e-12
0.30,1.68,9.72481732140393100e-04,9.72481732140083994e-04,3.09106039375617314e-16,3.17852797805657103e-13
0.30,1.72,9.06290667951791451e-04,9.06290667952435250e-04,6.43799250021892533e-16,7.10367294718388264e-13
0.30,1.76,8.43402594474394990e-04,8.43402594475758916e-04,1.36392633298676458e-15,1.61717113739085913e-12
0.30,1.80,7.83729914399485645e-04,7.83729914401098829e-04,1.61318441244118205e-15,2.05834227174284345e-12
0.30,1.84,7.27184995384932650e-04,7.27184995386243775e-04,1.31112568718672051e-15,1.80301532004289647e-12
0.30,1.88,6.73680173780336327e-04,6.73680173780896101e-04,5.59773581654265939e-16,8.30918889170580631e-13
0.30,1.92,6.23127758352742269e-04,6.23127758352356293e-04,3.85975973404839579e-16,6.19417074959745352e-13
0.30,1.96,5.75440034012761445e-04,5.75440034011556463e-04,1.20498229450038963e-15,2.09401887821414614e-12
0.30,2.00,5.30529265540871479e-04,5.30529265539253850e-04,1.61762964134837262e-15,3.04908653758080794e-12
0.30,2.04,4.88307701313696026e-04,4.88307701312218475e-04,1.47755072066324544e-15,3.02585995816296984e-12
0.30,2.08,4.48687577030058415e-04,4.48687577029232524e-04,8.25891004890833003e-16,1.84068168403295279e-12
0.30,2.12,4.11581119436602212e-04,4.11581119436726895e-04,1.24683249835833010e-16,3.02937243589962053e-13
0.30,2.16,3.76900550052829727e-04,3.76900550053882271e-04,1.05254346904892770e-15,2.79262916676150921e-12
0.30,2.20,3.44558088895369219e-04,3.44558088897010484e-04,1.64126524870855661e-15,4.76339201312187454e-12
0.30,2.24,3.14465958201373490e-04,3.14465958203047065e-04,1.67357447344862464e-15,5.32195752765078899e-12
0.30,2.28,2.86536386150856512e-04,2.86536386151977794e-04,1.12128188678450869e-15,3.91322687440395507e-12
0.30,2.32,2.60681610587860349e-04,2.60681610588016529e-04,1.56179322946536914e-16,5.99119065569086389e-13
0.30,2.36,2.36813882740277384e-04,2.36813882739370937e-04,9.06447226306505982e-16,3.82767773502582242e-12
0.30,2.40,2.14845470938112936e-04,2.14845470936406103e-04,1.70683237508961749e-15,7.94446523657385826e-12
0.30,2.44,1.94688664329993187e-04,1.94688664328040783e-04,1.95240416715758425e-15,1.00283402420794239e-11
0.30,2.48,1.76255776597717203e-04,1.76255776596197098e-04,1.52010565593330149e-15,8.62443027564351178e-12
0.30,2.52,1.59459149668641527e-04,1.59459149668124688e-04,5.16839175623839964e-16,3.24120112705677026e-12
0.30,2.56,1.44211157425682643e-04,1.44211157426430634e-04,7.47991078797749509e-16,5.18677675255007502e-12
0.30,2.60,1.30424209414779514e-04,1.30424209416635234e-04,1.85572043842618939e-15,1.42283433936575400e-11
0.30,2.64,1.18010754549670795e-04,1.18010754552077670e-04,2.40687461280919557e-15,2.03953836406244776e-11
0.30,2.68,1.06883284813855117e-04,1.06883284816001743e-04,2.14662543383120630e-15,2.00838273030866852e-11
0.30,2.72,9.69543389595723586e-05,9.69543389606406772e-05,1.06831861065859179e-15,1.10187808210655066e-11
0.30,2.76,8.81365062036851678e-05,8.81365062031311405e-05,5.54027310140092766e-16,6.28601397998699402e-12
0.30,2.80,8.03424299203143799e-05,8.03424299180791616e-05,2.23521830385042808e-15,2.78211438978079150e-11
0.30,2.84,7.34848113299962588e-05,7.34848113266046440e-05,3.39161478849631104e-15,4.61539565424236345e-11
0.30,2.88,6.74764131851994634e-05,6.74764131816909716e-05,3.50849178269024842e-15,5.19958251669820731e-11
0.30,2.92,6.22300634519602986e-05,6.22300634496638906e-05,2.29640796396007874e-15,3.69019061955091380e-11
0.30,2.96,5.76586589874164364e-05,5.76586589876284251e-05,2.11988629775228254e-16,3.67661394658369952e-12
0.30,3.00,5.36751692130655128e-05,5.36751692166886183e-05,3.62310550484912230e-15,6.75005884047149068e-11
0.30,3.04,5.01926397835595012e-05,5.01926397907771502e-05,7.21764905871682960e-15,1.43798953169286513e-10
0.30,3.08,4.71241962508970756e-05,4.71241962609227270e-05,1.00256513702913497e-14,2.12749546215709599e-10
0.30,3.12,4.43830477244128057e-05,4.43830477347813361e-05,1.03685303073398905e-14,2.33614653263535607e-10
0.30,3.16,4.18824905361981647e-05,4.18824905312594883e-05,4.93867642094303338e-15,1.17917448516033076e-10
0.30,3.20,3.95376834755280229e-05,3.95376834859571263e-05,1.04291033274639400e-14,2.63776286518357003e-10
0.30,3.24,3.73036744445930476e-05,3.73036744579062303e-05,1.33131827502290523e-14,3.56886632314244431e-10
0.30,3.28,3.51748790800020283e-05,3.51748790895414217e-05,9.53939347219517897e-15,2.71199040881182032e-10
0.30,3.32,3.31474748687426011e-05,3.31474748741161375e-05,5.37353635979981314e-15,1.62109976105475385e-10
0.30,3.36,3.12177329346330525e-05,3.12177329362659558e-05,1.63290333945326216e-15,5.23069161616249799e-11
0.30,3.40,2.93820169557866021e-05,2.93820169546446526e-05,1.14194949069751361e-15,3.88655922587028681e-11
0.30,3.44,2.76367820819943412e-05,2.76367820793316322e-05,2.66270905606609543e-15,9.63465662689225212e-11
0.30,3.48,2.59785738470261863e-05,2.59785738440926740e-05,2.93351226556687328e-15,1.12920450644134614e-10
0.30,3.52,2.44040270758141237e-05,2.44040270735743416e-05,2.23978211737023425e-15,9.17792014661203233e-11
0.30,3.56,2.29098647865269178e-05,2.29098647855135276e-05,1.01339021809504493e-15,4.42337930661134485e-11
0.30,3.60,2.14928970877751078e-05,2.14928970880437731e-05,2.68665298341907999e-16,1.25001900507569594e-11
0.30,3.64,2.01500200709708543e-05,2.01500200721801226e-05,1.20926828121349639e-15,6.00132544226622280e-11
0.30,3.68,1.88782146979708457e-05,1.88782146995646161e-05,1.59377041729011348e-15,8.44237891481798949e-11
0.30,3.72,1.76745456841512573e-05,1.76745456855547773e-05,1.40352004107321959e-15,7.94091155746255952e-11
0.30,3.76,1.65361603769398834e-05,1.65361603777375615e-05,7.97678031483686767e-16,4.82384068164693962e-11
0.30,3.80,1.54602876299301014e-05,1.54602876299516093e-05,2.15078605966811942e-17,1.39116820537112564e-12
0.30,3.84,1.44442366725497385e-05,1.44442366719011756e-05,6.48562963317250718e-16,4.49011587146671802e-11
0.30,3.88,1.34853959754608410e-05,1.34853959744442083e-05,1.01663266021713439e-15,7.53876758341932362e-11
0.30,3.92,1.25812321116429997e-05,1.25812321106390370e-05,1.00396274139210456e-15,7.97984436312184343e-11
0.30,3.96,1.17292886133053983e-05,1.17292886126325628e-05,6.72835539453769949e-16,5.73637124700912594e-11
0.30,4.00,1.09271848246321688e-05,1.09271848244744276e-05,1.57741251701273844e-16,1.44356716057340804e-11
0.60,0.08,1.31247130423143704e-02,1.31247130426810493e-02,3.66678909458073576e-13,2.79380515418240537e-11
0.60,0.12,1.21224248296590859e-02,1.21224248299191088e-02,2.60022905984591546e-13,2.14497437297226495e-11
0.60,0.16,1.11751810568986257e-02,1.11751810570305862e-02,1.31960414817555716e-13,1.18083469202081626e-11
0.60,0.20,1.02815462430338681e-02,1.02815462430490834e-02,1.52152596077925750e-14,1.47986102947102582e-12
0.60,0.24,9.44005496790647179e-03,9.44005496783840298e-03,6.80688144738539336e-14,7.21063751278563039e-12
0.60,0.28,8.64921329075336344e-03,8.64921329064664152e-03,1.06721922965569149e-13,1.23389167753533679e-11
0.60,0.32,7.90750019481179130e-03,7.90750019471022324e-03,1.01568059518442055e-13,1.28445219117903665e-11
0.60,0.36,7.21336905641571137e-03,7.21336905635173737e-03,6.39739997088106804e-14,8.86881001222006405e-12
0.60,0.40,6.56524913700174545e-03,6.56524913699000311e-03,1.17423432088870072e-14,1.78856018467420533e-12
0.60,0.44,5.96154709642102761e-03,5.96154709645718879e-03,3.61611782184745323e-14,6.06573723789992242e-12
0.60,0.48,5.40064852593077818e-03,5.40064852599572882e-03,6.49506490257856228e-14,1.20264536218473012e-11
0.60,0.52,4.88091949922033700e-03,4.88091949928795045e-03,6.76134495614100217e-14,1.38526049387361869e-11
0.60,0.56,4.40070813980684549e-03,4.40070813985305766e-03,4.62121660382841526e-14,1.05010749565017069e-11
0.60,0.60,3.95834620311946803e-03,3.95834620312979831e-03,1.03302782994418862e-14,2.60974603264209387e-12
0.60,0.64,3.55215067157541075e-03,3.55215067154886687e-03,2.65438712676591138e-14,7.47261975125762914e-12
0.60,0.68,3.18042536093799712e-03,3.18042536088649058e-03,5.15065420869653678e-14,1.61948595682839034e-11
0.60,0.72,2.84146253623656416e-03,2.84146253618019692e-03,5.63672372666523813e-14,1.98374029391312518e-11
0.60,0.76,2.53354453551916893e-03,2.53354453547907253e-03,4.00963984237279192e-14,1.58262062743436323e-11
0.60,0.80,2.25494539970319844e-03,2.25494539969426332e-03,8.93512694388753914e-15,3.96245822408782400e-12
0.60,0.84,2.00393250678484796e-03,2.00393250681063333e-03,2.57853634277882549e-14,1.28673811818278504e-11
0.60,0.88,1.77876820866647062e-03,1.77876820871784749e-03,5.13768715071361015e-14,2.88833987786239005e-11
0.60,0.92,1.57771146886033693e-03,1.57771146891833372e-03,5.79967931318980945e-14,3.67600757644616933e-11
0.60,0.96,1.39901949932877195e-03,1.39901949937069480e-03,4.19228454034969999e-14,2.99658764029770023e-11
0.60,1.00,1.24094939472323986e-03,1.24094939473033184e-03,7.09198325066218160e-15,5.71496571961608919e-12
0.60,1.04,1.10175976228978805e-03,1.10175976225408419e-03,3.57038617421201465e-14,3.24062131921334794e-11
0.60,1.08,9.79712345714223295e-04,9.79712345642709103e-04,7.15141921375783696e-14,7.29950913200586000e-11
0.60,1.12,8.73073641189042108e-04,8.73073641103997724e-04,8.50443847288939736e-14,9.74080314936042853e-11
0.60,1.16,7.80116503994401087e-04,7.80116503930173492e-04,6.42275945969550399e-14,8.23307727414826151e-11
0.60,1.20,6.99121743897806666e-04,6.99121743896033020e-04,1.77364633396903670e-15,2.53696348233276682e-12
0.60,1.24,6.28379707690426858e-04,6.28379707798948231e-04,1.08521373311243341e-13,1.72700314737033250e-10
0.60,1.28,5.66191847181667551e-04,5.66191847478411084e-04,2.96743532524068598e-13,5.24104212813455314e-10
0.60,1.32,5.10872270788750686e-04,5.10872271671198772e-04,8.82448085957887596e-13,1.72733603855845548e-09
0.60,1.36,4.60814468479724940e-04,4.60814468065737139e-04,4.13987800203935441e-13,8.98382817583058903e-10
0.60,1.40,4.15185286360494714e-04,4.15185286347316562e-04,1.31781521459095607e-14,3.17404122430427088e-11
0.60,1.44,3.73656499386946714e-04,3.73656499468640318e-04,8.16936037047188979e-14,2.18632898988487040e-10
0.60,1.48,3.35923850276824063e-04,3.35923850374745571e-04,9.79215081416129340e-14,2.91499124079385622e-10
0.60,1.52,3.01698644863864656e-04,3.01698644939840557e-04,7.59759009177907174e-14,2.51827120181267315e-10
0.60,1.56,2.70707473534021641e-04,2.70707473571408890e-04,3.73872482452297650e-14,1.38109405521704325e-10
0.60,1.60,2.42691913408828918e-04,2.42691913407177407e-04,1.65151095923854463e-15,6.80496904924769790e-12
0.60,1.64,2.17408211757748343e-04,2.17408211728015047e-04,2.97332959035140343e-14,1.36762524594569525e-10
0.60,1.68,1.94626951273172121e-04,1.94626951231971680e-04,4.12004414959699083e-14,2.11689291925782615e-10
0.60,1.72,1.74132697872142635e-04,1.74132697835882930e-04,3.62597050908991525e-14,2.08230306780598450e-10
0.60,1.76,1.55723631711048515e-04,1.55723631691199647e-04,1.98488686424524996e-14,1.27462148338621187e-10
0.60,1.80,1.39211162119367931e-04,1.39211162119975978e-04,6.08047683384183024e-16,4.36780840073837586e-12
0.60,1.84,1.24419527177451719e-04,1.24419527195195908e-04,1.77441882801693263e-14,1.42615782909472963e-10
0.60,1.88,1.11185378680460185e-04,1.11185378706845763e-04,2.63855777504762301e-14,2.37311578710768485e-10
0.60,1.92,9.93573532464725370e-05,9.93573532713183037e-05,2.48457667200580046e-14,2.50064699813519329e-10
0.60,1.96,8.87956303419095615e-05,8.87956303568445548e-05,1.49349933462050721e-14,1.68195138501585647e-10
0.60,2.00,7.93714780107007201e-05,7.93714780116770713e-05,9.76351161377508880e-16,1.23010328878324388e-11
0.60,2.04,7.09667871065677061e-05,7.09667870946779385e-05,1.18897675992907237e-14,1.67539888531636538e-10
0.60,2.08,6.34735948392267240e-05,6.34735948197801214e-05,1.94466025314060653e-14,3.06373108166011228e-10
0.60,2.12,5.67935984561342342e-05,5.67935984364836119e-05,1.96506222752135251e-14,3.46000655288469484e-10
0.60,2.16,5.08376598912049267e-05,5.08376598781003038e-05,1.31046229098243094e-14,2.57773920775402951e-10
0.60,2.20,4.55253022204566500e-05,4.55253022178719256e-05,2.58472442667828650e-15,5.67755577834164937e-11
0.60,2.24,4.07841987723208156e-05,4.07841987803392089e-05,8.01839334946957694e-15,1.96605391040193600e-10
0.60,2.28,3.65496557463139234e-05,3.65496557614348777e-05,1.51209543475770702e-14,4.13709897742233814e-10
0.60,2.32,3.27640891991086232e-05,3.27640892157005757e-05,1.65919524213603564e-14,5.06406642715692511e-10
0.60,2.36,2.93764972604714108e-05,2.93764972727879170e-05,1.23165061862492292e-14,4.19263946680882036e-10
0.60,2.40,2.63419284438824246e-05,2.63419284479893554e-05,4.10693072432077866e-15,1.55908506563203250e-10
0.60,2.44,2.36209469179801409e-05,2.36209469129618332e-05,5.01830768238030467e-15,2.12451588027850925e-10
0.60,2.48,2.11790956049634279e-05,2.11790955930490828e-05,1.19143451072882545e-14,5.62552119137632489e-10
0.60,2.52,1.89863579710725443e-05,1.89863579566846766e-05,1.43878676605192074e-14,7.57800294998312634e-10
0.60,2.56,1.70166193721324542e-05,1.70166193602685922e-05,1.18638619436318982e-14,6.97192649871004560e-10
0.60,2.60,1.52471288141159645e-05,1.52471288086617788e-05,5.45418575483968410e-15,3.57718874372019611e-10
0.60,2.64,1.36579619845451772e-05,1.36579619870427894e-05,2.49761217025086524e-15,1.82868584099174685e-10
0.60,2.68,1.22314864197639717e-05,1.22314864289931614e-05,9.22918967811992008e-15,7.54543589750736804e-10
0.60,2.72,1.09518445676375468e-05,1.09518445801679423e-05,1.25303955579580961e-14,1.14413562630797913e-09
0.60,2.76,9.80459721850738287e-06,9.80459722997500281e-06,1.14676199309063365e-14,1.16961662594839431e-09
0.60,2.80,8.77658381687666694e-06,8.77658382345780462e-06,6.58113768017311307e-15,7.49851857232108360e-10
0.60,2.84,7.85583012478201960e-06,7.85583012446446187e-06,3.17557734123320723e-16,4.04231925960808464e-11
0.60,2.88,7.03146066842676271e-06,7.03146066159552415e-06,6.83123855741004857e-15,9.71524820542757182e-10
0.60,2.92,6.29361546587167214e-06,6.29361545507262633e-06,1.07990458142102029e-14,1.71587315610556089e-09
0.60,2.96,5.63337099398938980e-06,5.63337098300931442e-06,1.09800753897632865e-14,1.94911278218318118e-09
0.60,3.00,5.04266534422014353e-06,5.04266533676577586e-06,7.45436766242009441e-15,1.47825944507376665e-09
0.60,3.04,4.51422750807742067e-06,4.51422750650110252e-06,1.57631815044488588e-15,3.49188902901941259e-10
0.60,3.08,4.04151072507004033e-06,4.04151072971310648e-06,4.64306615751601884e-15,1.14884419912095954e-09
0.60,3.12,3.61862981841269682e-06,3.61862982748906142e-06,9.07636460564451020e-15,2.50823240793947894e-09
0.60,3.16,3.24030243507914270e-06,3.24030244539291825e-06,1.03137755565305307e-14,3.18296693914937485e-09
0.60,3.20,2.90179410032160792e-06,2.90179410839711331e-06,8.07550539297114539e-15,2.78293534665416906e-09
0.60,3.24,2.59886698884155424e-06,2.59886699204089509e-06,3.19934085056842663e-15,1.23105217018281431e-09
0.60,3.28,2.32773230768175877e-06,2.32773230507252714e-06,2.60923163094119517e-15,1.12093286038743930e-09
0.60,3.32,2.08500617957511252e-06,2.08500617221973717e-06,7.35537534539095796e-15,3.52774751623890205e-09
0.60,3.36,1.86766890892929954e-06,1.86766889944053683e-06,9.48876271304776361e-15,5.08053794539821153e-09
0.60,3.40,1.67302750644228032e-06,1.67302749804383048e-06,8.39844983312252984e-15,5.01991141385442111e-09
0.60,3.44,1.49868134298569036e-06,1.49868133844423893e-06,4.54145142648218307e-15,3.03029824285168137e-09
0.60,3.48,1.34249079829375032e-06,1.34249079903574716e-06,7.41996838388267639e-16,5.52701619200080721e-10
0.60,3.52,1.20254876513436727e-06,1.20254877074113966e-06,5.60677238754044190e-15,4.66240748313679314e-09
0.60,3.56,1.07715486475320414e-06,1.07715487322505700e-06,8.47185286129864025e-15,7.86502765004764659e-09
0.60,3.60,9.64792226114310935e-07,9.64792234553591779e-07,8.43928084458668657e-15,8.74725204281057686e-09
0.60,3.64,8.64106676669738032e-07,8.64106682247739992e-07,5.57800196057488392e-15,6.45522373008992305e-09
0.60,3.68,7.73888189280101036e-07,7.73888190216201721e-07,9.36100685119576562e-16,1.20960714603753980e-09
0.60,3.72,6.93054426866138030e-07,6.93054422968815244e-07,3.89732278652292702e-15,5.62340078550842979e-09
0.60,3.76,6.20636223101733568e-07,6.20636215808476125e-07,7.29325744305023499e-15,1.17512598480087444e-08
0.60,3.80,5.55764835578291056e-07,5.55764827379343317e-07,8.19894773953925085e-15,1.47525488041418818e-08
0.60,3.84,4.97660805357662553e-07,4.97660799014282680e-07,6.34337987292268564e-15,1.27463924936161855e-08
0.60,3.88,4.45624256196451262e-07,4.45624253776200093e-07,2.42025116887047229e-15,5.43114776263044816e-09
0.60,3.92,3.99026464703308957e-07,3.99026466926709140e-07,2.22340018253298086e-15,5.57206192275301400e-09
0.60,3.96,3.57302532793800185e-07,3.57302538781481648e-07,5.98768146279436545e-15,1.67580154431992413e-08
0.60,4.00,3.19944992835279301e-07,3.19945000523940406e-07,7.68866110491625175e-15,2.40311962753765073e-08
0.85,0.08,1.63938394804544925e-02,1.63938394819596878e-02,1.50519527397641184e-12,9.18146890258854571e-11
0.85,0.12,1.45505616846561946e-02,1.45505616857329254e-02,1.07673071847447233e-12,7.39992545806822881e-11
0.85,0.16,1.28778447602608641e-02,1.28778447608084278e-02,5.47563730468603183e-13,4.25198269305918395e-11
0.85,0.20,1.13676775651943250e-02,1.13676775652396950e-02,4.53699577906974127e-14,3.99113693455121799e-12
0.85,0.24,1.00114232503378843e-02,1.00114232500026039e-02,3.35280414542893368e-13,3.34897852353616328e-11
0.85,0.28,8.79989344836832818e-03,8.79989344783464050e-03,5.33687677384264703e-13,6.06470613022692264e-11
0.85,0.32,7.72342645690964318e-03,7.72342645637937725e-03,5.30265935327900451e-13,6.86568245742681504e-11
0.85,0.36,6.77196865409947658e-03,6.77196865375207391e-03,3.47402662193019296e-13,5.13000989749912012e-11
0.85,0.40,5.93515835707789183e-03,5.93515835703584821e-03,4.20436255255118851e-14,7.08382540049182783e-12
0.85,0.44,5.20241131445280114e-03,5.20241131476032164e-03,3.07520502118574512e-13,5.91111474108313872e-11
0.85,0.48,4.56300701266494895e-03,4.56300701328192330e-03,6.16974353551125176e-13,1.35212229951706558e-10
0.85,0.52,4.00617497345721277e-03,4.00617497426219299e-03,8.04980214430539576e-13,2.00934861707779191e-10
0.85,0.56,3.52118022536127570e-03,3.52118022612435584e-03,7.63080137272664771e-13,2.16711468390972230e-10
0.85,0.60,3.09740714675877434e-03,3.09740714636598698e-03,3.92787365133262512e-13,1.26811667492308134e-10
0.85,0.64,2.72455595096432685e-03,2.72455595174257281e-03,7.78245957261392007e-13,2.85641392963004171e-10
0.85,0.68,2.39517081437907661e-03,2.39517081518076606e-03,8.01689443996611573e-13,3.34710760049114572e-10
0.85,0.72,2.10463960723592880e-03,2.10463960774325259e-03,5.07323783677238183e-13,2.41050193016764326e-10
0.85,0.76,1.84878422833009205e-03,1.84878422857071597e-03,2.40623927033611906e-13,1.30152520405064703e-10
0.85,0.80,1.62375631575569423e-03,1.62375631579353571e-03,3.78414747453925671e-14,2.33048976483268055e-11
0.85,0.84,1.42603558400887466e-03,1.42603558392329186e-03,8.55827995277502751e-14,6.00144908672586654e-11
0.85,0.88,1.25242441029386488e-03,1.25242441016191097e-03,1.31953909604520803e-13,1.05358781363469326e-10
0.85,0.92,1.10003889530823989e-03,1.10003889519010066e-03,1.18139222363145002e-13,1.07395495631751324e-10
0.85,0.96,9.66296660249965330e-04,9.66296660180636130e-04,6.93291994993683325e-14,7.17473239392219133e-11
0.85,1.00,8.48901674201700106e-04,8.48901674190078869e-04,1.16212378262203764e-14,1.36897336635694356e-11
0.85,1.04,7.45826434350666759e-04,7.45826434384882662e-04,3.42159026806010402e-14,4.58764949901788719e-11
0.85,1.08,6.55291845419649012e-04,6.55291845476335872e-04,5.66868600671011080e-14,8.65062803061360599e-11
0.85,1.12,5.75745163994990667e-04,5.75745164049314075e-04,5.43234077512999569e-14,9.43532158728597010e-11
0.85,1.16,5.05836387970909481e-04,5.05836388004587837e-04,3.36783552434827271e-14,6.65795424017167991e-11
0.85,1.20,4.44393480978059043e-04,4.44393480983654014e-04,5.59497110100282136e-15,1.25901286594449827e-11
0.85,1.24,3.90396826376533006e-04,3.90396826357513119e-04,1.90198876613700829e-14,4.87193705923015587e-11
0.85,1.28,3.42953447218928347e-04,3.42953447186480995e-04,3.24473520968426854e-14,9.46115350728620339e-11
0.85,1.32,3.01274785174889491e-04,3.01274785142692156e-04,3.21973350758675281e-14,1.06870327898891281e-10
0.85,1.36,2.64663588723805271e-04,2.64663588703147479e-04,2.06577918833439345e-14,7.80530181146835790e-11
0.85,1.40,2.32504644021534176e-04,2.32504644017931861e-04,3.60231592819171276e-15,1.54935224774000014e-11
0.85,1.44,2.04256160731228122e-04,2.04256160743502104e-04,1.22739817441652743e-14,6.00911213619574504e-11
0.85,1.48,1.79441736288433860e-04,1.79441736310094403e-04,2.16605433676214654e-14,1.20710732146448604e-10
0.85,1.52,1.57642932519196809e-04,1.57642932541376008e-04,2.21791985818842186e-14,1.40692628742255348e-10
0.85,1.56,1.38492484343390090e-04,1.38492484358191130e-04,1.48010401677944881e-14,1.06872515403173077e-10
0.85,1.60,1.21668146675407606e-04,1.21668146678435824e-04,3.02821732533348209e-15,2.48891547048624204e-11
0.85,1.64,1.06887172768866401e-04,1.06887172760320449e-04,8.54595257407386732e-15,7.99530229248084934e-11
0.85,1.68,9.39014053149170129e-05,9.39014052990081349e-05,1.59088779476401765e-14,1.69421084774843293e-10
0.85,1.72,8.24929507480579412e-05,8.24929507311419750e-05,1.69159662406076494e-14,2.05059536489845687e-10
0.85,1.76,7.24703975742538352e-05,7.24703975623745302e-05,1.18793050483262386e-14,1.63919413276322118e-10
0.85,1.80,6.36655312255757840e-05,6.36655312224610880e-05,3.11469600111635714e-15,4.89227992181976482e-11
0.85,1.84,5.59304910547927500e-05,5.59304910608165637e-05,6.02381371780230657e-15,1.07701784903913217e-10
0.85,1.88,4.91353096769000863e-05,4.91353096892074005e-05,1.23073141847056255e-14,2.50478001717142611e-10
0.85,1.92,4.31657711633137527e-05,4.31657711771141556e-05,1.38004028777533039e-14,3.19707085068135453e-10
0.85,1.96,3.79215269783146419e-05,3.79215269886532821e-05,1.03386402086971807e-14,2.72632486866646091e-10
0.85,2.00,3.33144272378136017e-05,3.33144272413158932e-05,3.50229150151634694e-15,1.05128372045756627e-10
0.85,2.04,2.92670439641442719e-05,2.92670439600436566e-05,4.10061524666605060e-15,1.40110332026163858e-10
0.85,2.08,2.57113677652641903e-05,2.57113677554688438e-05,9.79534650006469443e-15,3.80973373070797076e-10
0.85,2.12,2.25876602150278597e-05,2.25876602033042630e-05,1.17235966756983750e-14,5.19026608784533374e-10
0.85,2.16,1.98434451322753249e-05,1.98434451228065096e-05,9.46881529889816165e-15,4.77175976263085625e-10
0.85,2.20,1.74326230507910154e-05,1.74326230467508580e-05,4.04015742302282765e-15,2.31758434298035472e-10
0.85,2.24,1.53146943935615578e-05,1.53146943960346298e-05,2.47307193170301365e-15,1.61483596587037081e-10
0.85,2.28,1.34540781647413017e-05,1.34540781725166525e-05,7.77535079778211152e-15,5.77917765757094092e-10
0.85,2.32,1.18195143094719111e-05,1.18195143196096859e-05,1.01377748155852959e-14,8.57715007694163332e-10
0.85,2.36,1.03835392209214814e-05,1.03835392298101604e-05,8.88867904519190233e-15,8.56035581747824911e-10
0.85,2.40,9.12202515890147013e-06,9.12202516352344601e-06,4.62197588416233401e-15,5.06683088602341006e-10
0.85,2.44,8.01377555105586709e-06,8.01377555000655251e-06,1.04931457945399431e-15,1.30938853091928219e-10
0.85,2.48,7.04016924542225957e-06,7.04016923932981500e-06,6.09244456235358625e-15,8.65383253618140697e-10
0.85,2.52,6.18484774806942499e-06,6.18484773925306731e-06,8.81635767808943566e-15,1.42547691548412662e-09
0.85,2.56,5.43344029205121795e-06,5.43344028363172400e-06,8.41949394318058930e-15,1.54956961035246349e-09
0.85,2.60,4.77332223686186903e-06,4.77332223169833755e-06,5.16353148118705446e-15,1.08174793792412412e-09
0.85,2.64,4.19340281826260500e-06,4.19340281800965724e-06,2.52947754972657202e-16,6.03204046809687285e-11
0.85,2.68,3.68393871448870163e-06,3.68393871903941451e-06,4.55071288472746159e-15,1.23528463196425208e-09
0.85,2.72,3.23637029907129390e-06,3.23637030667362763e-06,7.60233373039358000e-15,2.34903086173946881e-09
0.85,2.76,2.84317781817288064e-06,2.84317782613928650e-06,7.96640585529889700e-15,2.80193724854571422e-09
0.85,2.80,2.49775506114393882e-06,2.49775506673998735e-06,5.59604852691172883e-15,2.24043125822403507e-09
0.85,2.84,2.19429838796238028e-06,2.19429838937022188e-06,1.40784160317011103e-15,6.41590774522771684e-10
0.85,2.88,1.92770924008056918e-06,1.92770923696431633e-06,3.11625284767341054e-15,1.61655751184798386e-09
0.85,2.92,1.69350849157853743e-06,1.69350848513309125e-06,6.44544617839652636e-15,3.80597217845648101e-09
0.85,2.96,1.48776120039106308e-06,1.48776119292407188e-06,7.46699120619126206e-15,5.01894473501860013e-09
0.85,3.00,1.30701049668560679e-06,1.30701049078494996e-06,5.90065682133742581e-15,4.51462085648117034e-09
0.85,3.04,1.14821949978367698e-06,1.14821949735653816e-06,2.42713881728107064e-15,2.11382825572017788e-09
0.85,3.08,1.00872028975126845e-06,1.00872029155329208e-06,1.80202363176795027e-15,1.78644530783957853e-09
0.85,3.12,8.86169078951239114e-07,8.86169084217877904e-07,5.26663879015307071e-15,5.94315338229311202e-09
0.85,3.16,7.78506830062526956e-07,7.78506836903099817e-07,6.84057286048879096e-15,8.78678585238967178e-09
0.85,3.20,6.83924660036991427e-07,6.83924666134416437e-07,6.09742501020432313e-15,8.91534596151844969e-09
0.85,3.24,6.00833448225961419e-07,6.00833451530075057e-07,3.30411363806698164e-15,5.49921717849225345e-09
0.85,3.28,5.27837137268938874e-07,5.27837136710529545e-07,5.58409329213594482e-16,1.05791974527141120e-09
0.85,3.32,4.63709278170128886e-07,4.63709274063985638e-07,4.10614324837762818e-15,8.85499488157969418e-09
0.85,3.36,4.07372425234735418e-07,4.07372419078515522e-07,6.15621989641384907e-15,1.51120193908545417e-08
0.85,3.40,3.57880034055954457e-07,3.57880027956738449e-07,6.09921600843173315e-15,1.70426275063581481e-08
0.85,3.44,3.14400558380623224e-07,3.14400554375988298e-07,4.00463492585779123e-15,1.27373659814501813e-08
0.85,3.48,2.76203478824450958e-07,2.76203478250229853e-07,5.74221104998227320e-16,2.07897854377490811e-09
0.85,3.52,2.42647028900262229e-07,2.42647031820168869e-07,2.91990664003292347e-15,1.20335559768846937e-08
0.85,3.56,2.13167411544601131e-07,2.13167416903755772e-07,5.35915464032794158e-15,2.51405900496865241e-08
0.85,3.60,1.87269326219186768e-07,1.87269332172373925e-07,5.95318715774817734e-15,3.17894397800730459e-08
0.85,3.64,1.64517646803307178e-07,1.64517651308263608e-07,4.50495642961458030e-15,2.73828151191719555e-08
0.85,3.68,1.44530110632822351e-07,1.44530112220968417e-07,1.58814606558078573e-15,1.09883403615760674e-08
0.85,3.72,1.26970896271714748e-07,1.26970894480865519e-07,1.79084922902063672e-15,1.41044074419001367e-08
0.85,3.76,1.11544981509157852e-07,1.11544977050262717e-07,4.45889513528491607e-15,3.99739661363300656e-08
0.85,3.80,9.79931871244068651e-08,9.79931815053644906e-08,5.61904237446546968e-15,5.73411566819867317e-08
0.85,3.84,8.60878223149083995e-08,8.60878174634669092e-08,4.85144149032204806e-15,5.63545648300452555e-08
0.85,3.88,7.56288595241878480e-08,7.56288570509259957e-08,2.47326185237165582e-15,3.27026210472312454e-08
0.85,3.92,6.64405734367719755e-08,6.64405741381247717e-08,7.01352796212327491e-16,1.05560917452981323e-08
0.85,3.96,5.83685883615708887e-08,5.83685918772519363e-08,3.51568104762196320e-15,6.02324115513249855e-08
0.85,4.00,5.12772838096460552e-08,5.12772889387636201e-08,5.12911756486151670e-15,1.00027081599162019e-07
